{"cameraMode":{"drawMode":0,"name":"Shaded","section":"Shading Mode"},"sceneLighting":true,"audioPlay":false,"sceneViewState":{"showFog":true,"showMaterialUpdate":false,"showSkybox":true,"showFlares":true,"showImageEffects":true,"showParticleSystems":true},"in2DMode":false,"pivot":{"x":-0.00954437255859375,"y":2.0191593170166017,"z":0.3956971764564514},"rotation":{"x":-0.16980458796024323,"y":-0.8267008662223816,"z":0.41879090666770937,"w":-0.3351939916610718},"size":27.58365249633789,"orthographic":false}